"id_kategori_hijab";"nama_kategori_hijab"
"6780";"pashmina"
"6781";"pashmina"
"6782";"pashmina"
"6783";"pashmina"
"6784";"pashmina"
"6785";"pashmina"
"6786";"pashmina"
"6787";"pashmina"
"6788";"pashmina"
"6789";"pashmina"
"6790";"pashmina"
"6791";"pashmina"
"6792";"pashmina"
"6793";"pashmina"
"6794";"pashmina"
"7761";"modern"
"7762";"modern"
"7763";"modern"
"7764";"modern"
"7765";"modern"
"7766";"modern"
"7767";"modern"
"7768";"modern"
"7769";"modern"
"7770";"modern"
"7771";"modern"
"7772";"modern"
"7773";"modern"
"7774";"modern"
"7775";"modern"
